,thinktank,name1,name2,name3,year_established,conservative,libertarian,special_topic,exp_2014,exp_2015,exp_2016,exp_2017,exp_2018,uni_affiliation,small_org
0,Acton Institute,Acton Institute,,,1990,1,1,,"9,428,238.00","10,416,484.00","9,987,692.00","10,964,910.00","10,887,803.00",0,0
1,Allegheny Institute for Public Policy,Allegheny Institute for Public Policy,,,1995,1,0,,"480,762.00","499,346.00","523,377.00","592,413.00","595,987.00",0,0
2,American Action Forum,American Action Forum,AAF,,2009,1,0,,"4,878,999.00","5,145,811.00","5,351,985.00","4,863,097.00","3,942,490.00",0,0
3,American Civil Rights Union,American Civil Rights Union,,,1998,1,0,,"84,257,642.00","84,257,642.00","84,257,642.00","120,961,465.00","120,961,465.00",0,0
4,American College of Pediatricians,American College of Pediatricians,,,2002,1,0,,"88,011.00","78,761.00","86,663.00","95,100.00","121,269.00",0,0
5,American Enterprise Institute,American Enterprise Institute,AEI,A.E.I,1938,1,0,,"35,435,906.00","38,611,315.00","46,953,435.00","55,822,303.00","50,853,733.00",0,0
6,American Institute for Economic Research,American Institute for Economic Research,AIER,,1933,1,0,,"4,251,220.00","4,548,603.00","4,600,180.00","4,008,116.00","5,129,945.00",0,0
7,Atlas Network,Atlas Network,,,1981,1,0,,"10,283,691.00","11,098,132.00","13,578,129.00","11,899,692.00","11,838,430.00",0,0
8,Ayn Rand Institute,Ayn Rand Institute,,,1985,1,0,,"10,711,413.00","10,615,858.00","8,900,086.00","9,513,258.00","8,501,287.00",0,0
9,Beacon Center of Tennessee,Beacon Center of Tennessee,,,2004,1,0,,"775,285.00","989,162.00","1,484,890.00","1,247,489.00","1,303,157.00",0,0
10,Beacon Hill Institute,Beacon Hill Institute,,,1991,0,0,,"27,420.00","27,420.00","27,420.00","163,069.00","167,142.00",0,0
11,Berggruen Institute,Berggruen Institute,,,2010,0,0,,"1,052,448.00","3,182,357.00","7,864,358.00","9,088,455.00","13,322,185.00",0,0
12,Bipartisan Policy Center,Bipartisan Policy Center,BPC,,2007,0,0,,"23,009,557.00","21,667,384.00","22,901,624.00","20,321,287.00","20,319,693.00",0,0
13,Brookings Institution,Brookings Institution,Brookings,,1916,0,0,,"99,568,985.00","107,926,103.00","104,635,286.00","100,059,312.00","98,957,742.00",0,0
14,Buckeye Institute,Buckeye Institute,,,1989,0,0,,"852,599.00","1,135,692.00","1,702,944.00","1,769,575.00","2,393,920.00",0,0
15,Caesar Rodney Institute,Caesar Rodney Institute,,,2008,1,0,,"203,606.00","238,640.00","210,183.00","228,151.00","228,151.00",0,0
16,Carnegie Endowment for International Peace,Carnegie Endowment for International Peace,,,1910,0,0,,"32,939,297.00","33,996,712.00","34,710,554.00","36,544,639.00","37,395,069.00",0,0
17,Cascade Policy Institute,Cascade Policy Institute,,,1991,0,1,,"591,571.00","542,827.00","588,210.00","555,750.00","641,377.00",0,0
18,Cato Institute,Cato Institute,Cato,,1977,0,1,,"24,538,565.00","28,246,157.00","29,162,114.00","30,150,105.00","30,381,673.00",0,0
19,Center for a Just Society,Center for a Just Society,,,2004,1,0,,,,,,,0,0
20,Center for American Progress,Center for American Progress,CAP,,2003,0,0,,"42,425,026.00","47,352,861.00","40,435,643.00","46,765,901.00","43,779,143.00",0,0
21,Center for Automotive Research,Center for Automotive Research,CAR,,2003,0,0,,"4,691,498.00","5,095,172.00","5,157,656.00","4,765,147.00","4,744,707.00",0,0
22,Center for Development and Strategy,Center for Development and Strategy,,,2014,0,0,,,,,,,0,0
23,Center for Economic and Policy Research,Center for Economic and Policy Research,CEPR,,1999,0,0,,"1,934,308.00","1,792,137.00","1,960,944.00","1,990,467.00","2,209,624.00",0,0
24,Center for Freedom and Prosperity,Center for Freedom and Prosperity,,,2011,1,0,,"39,690.00","218,983.00","477,076.00","450,392.00","545,994.00",0,0
25,Center for Governmental Research,Center for Governmental Research,,,1915,0,0,,"1,506,118.00","1,680,792.00","1,757,622.00","1,925,883.00","1,945,098.00",0,0
26,Center for Immigration Studies,Center for Immigration Studies,,,1985,1,0,,"2,361,993.00","2,670,635.00","2,816,435.00","3,020,942.00","3,416,896.00",0,0
27,Center for Media and Democracy,Center for Media and Democracy,,,1993,0,0,,"1,007,545.00","1,626,803.00","1,796,051.00","1,843,241.00","837,074.00",0,0
28,Center for National Policy,Center for National Policy,,,1981,0,0,,"3,008,074.00","2,495,848.00","2,520,516.00","2,609,001.00","2,060,322.00",0,0
29,Center for Public Integrity,Center for Public Integrity,,,1989,0,0,,"8,413,507.00","9,653,457.00","8,019,182.00","5,208,118.00","5,954,150.00",0,0
30,Center for Public Justice,Center for Public Justice,,,1977,0,0,religion,"605,489.00","712,868.00","829,330","890,445.00","1,242,157.00",0,0
31,Center for Strategic and Budgetary Assessments,Center for Strategic and Budgetary Assessments,CBA,,1983,0,0,defense,"6,216,434.00","6,433,222.00","7,824,908.00","8,653,272.00","8,381,837.00",0,0
32,Center on Budget and Policy Priorities,Center on Budget and Policy Priorities,CBPP,,1981,0,0,,"30,948,012.00","33,807,175.00","28,721,352.00","33,287,285.00","36,546,328.00",0,0
33,Claremont Institute,Claremont Institute,,,1979,1,0,,"4,898,449.00","5,533,681.00","4,972,703.00","5,093,063.00","4,558,364.00",0,0
34,Committee for a Responsible Federal Budget,Committee for a Responsible Federal Budget,,,1981,0,0,,"2,646,618.00","3,385,499.00","3,227,336.00","3,038,669.00","3,287,833.00",0,0
35,Committee for Economic Development,Committee for Economic Development,,,1942,0,0,,"57,115,090.00","60,529,474.00","61,913,872.00","64,511,280.00","67,099,056.00",0,0
36,Competitive Enterprise Institute,Competitive Enterprise Institute,CEI,,1984,1,1,,"6,427,052.00","7,356,910.00","7,811,133.00","8,354,004.00","6,797,063.00",0,0
37,Concord Coalition,Concord Coalition,,,1992,0,0,,"1,247,398.00","1,265,388.00","1,538,793.00","1,408,416.00","1,312,148.00",0,0
38,Constitution Project,Constitution Project,,,1997,0,0,,"1,371,005.00","1,316,438.00","1,455,566.00",,,0,0
39,Council on Competitiveness,Council on Competitiveness,,,1986,0,0,,"5,354,044.00","4,555,584.00","4,500,366.00","4,339,171.00","3,951,760.00",0,0
40,Demos,Demos,,,1993,0,0,,"8,127,178.00","8,687,459.00","8,752,900.00","10,273,673.00","11,762,460.00",0,0
41,Drum Major Institute,Drum Major Institute,,,1961,0,0,,"23,054.00","639,564.00","458,251.00","304,669.00","289,290.00",0,0
42,Economic Opportunity Institute,Economic Opportunity Institute,,,1998,0,0,,"983,107.00","882,374.00","715,112.00","916,942.00","1,006,966.00",0,0
43,Economic Policy Institute,Economic Policy Institute,EPI,,1986,0,0,,"5,545,761.00","5,550,991.00","5,854,099.00","6,502,386.00","6,699,574.00",0,0
44,Employment Policies Institute,Employment Policies Institute,,,1996,0,0,,"2,615,979.00","1,761,341.00","2,379,220.00","2,173,350.00","2,190,580.00",0,0
45,Eno Center for Transportation,Eno Center for Transportation,,,1921,0,0,,,,"1,687,197.00","1,407,730.00","1,482,185.00",0,0
46,Every Texan,Every Texan,,,1985,0,0,,,,,,,0,0
47,Federation for American Immigration Reform,Federation for American Immigration Reform,FAIR,,1979,0,0,,"6,336,441.00","6,361,498.00","11,246,727.00","8,575,890.00","10,902,278.00",0,0
48,Foundation for Economic Education,Foundation for Economic Education,,,1946,1,1,,"3,823,955.00","3,792,746.00","3,762,269.00","3,968,619.00","5,288,134.00",0,0
49,Goldwater Institute,Goldwater Institute,,,1988,1,1,,"5,338,305.00","5,616,214.00","5,504,511.00","6,186,952.00","4,375,504.00",0,0
50,Group of Thirty,Group of Thirty,,,1978,0,0,,"579,971.00","609,705.00","698,337.00","646,432.00","621,732.00",0,0
51,Guttmacher Institute,Guttmacher Institute,,,1968,0,0,,"17,443,509.00","19,285,598.00","22,885,624.00","24,621,255.00","28,752,722.00",0,0
52,Hispanic American Center for Economic Research,Hispanic American Center for Economic Research,,,1996,0,1,,"61,368.00","54,209.00","117,887.00","116,891.00","56,015.00",0,0
53,Hoover Institution,Hoover Institution,,,1919,1,1,,"47,200,000.00","59,900,000.00","63,600,000.00","66,900,000.00","70,500,000.00",0,0
54,Hudson Institute,Hudson Institute,,,1961,1,0,,"11,309,797.00","10,983,400.00","13,179,630.00","14,882,370.00","16,319,597.00",0,0
55,Independence Institute,Independence Institute,,,1985,1,1,,"2,995,352.00","2,621,981.00","2,907,995.00","2,782,204.00","3,518,479.00",0,0
56,Institute for New Economic Thinking,Institute for New Economic Thinking,,,2009,0,0,,"17,758,011.00","16,070,505.00","7,781,121.00","13,727,196.00","13,979,763.00",0,0
57,Institute for Policy Studies,Institute for Policy Studies,,,1963,0,0,,"3,487,435.00","4,184,183.00","3,889,771.00","4,269,603.00","4,417,403.00",0,0
58,Institute for Women's Policy Research,Institute for Women's Policy Research,,,1987,0,0,women,"1,944,749.00","2,769,388.00","3,176,103.00","2,912,917.00","1,299,850.00",0,0
59,Institute on Religion and Democracy,Institute on Religion and Democracy,,,1981,1,0,religion,,,,,,0,0
60,Institute on Taxation and Economic Policy,Institute on Taxation and Economic Policy,ITEP,,1980,0,0,,"1,392,085.00","2,080,073.00","1,755,581.00","1,804,899.00","2,130,137.00",0,0
61,International Food Policy Research Institute,International Food Policy Research Institute,,,1975,0,0,food,"166,927,294.00","160,453,821.00","150,009,842.00","141,058,775.00","144,568,286.00",0,0
62,James A. Baker III Institute for Public Policy,James A. Baker III Institute for Public Policy,Baker Institute,,1993,0,0,,,"765,136.00","757,703.00","698,026.00","745,577.00",0,0
63,James Madison Institute,James Madison Institute,,,1987,0,1,,"1,681,516.00","2,031,606.00","2,051,409.00","1,454,224.00","1,611,575.00",0,0
64,John S. Watson Institute for Public Policy,John S. Watson Institute for Public Policy,John S. Watson Institute,,1991,0,0,,,,,,,0,0
65,Joint Center for Political and Economic Studies,Joint Center for Political and Economic Studies,,,1970,0,0,,"1,734,350.00","413,083.00","1,000,201.00","1,277,399.00","958,534.00",0,0
66,Kansas Policy Institute,Kansas Policy Institute,,,1996,0,1,,"889,136.00","897,883.00","928,913.00","763,035.00","799,573.00",0,0
67,Levy Economics Institute,Levy Economics Institute,,,1986,0,0,,,,,,,0,0
68,Lexington Institute,Lexington Institute,,,1998,1,0,defense,"1,996,703.00","2,066,977.00","2,115,166.00","2,015,906.00","1,842,890.00",0,0
69,Lincoln Institute of Land Policy,Lincoln Institute of Land Policy,,,1946,0,0,,"18,794,824.00","20,846,995.00","17,006,898.00","18,679,678.00","23,597,957.00",0,0
70,Lugar Center,Lugar Center,,,2013,0,0,,"768,127.00","802,675.00","736,948.00","509,806.00","779,472.00",0,0
71,Mackinac Center for Public Policy,Mackinac Center for Public Policy,Mackinac Center,,1987,0,1,,"4,351,888.00","6,003,578.00","6,608,146.00","6,620,239.00","8,408,449.00",0,0
72,Manhattan Institute for Policy Research,Manhattan Institute for Policy Research,Manhattan Institute,,1978,1,0,,"13,949,343.00","15,638,756.00","17,858,627.00","18,832,278.00","19,691,658.00",0,0
73,MassINC,MassINC,Massachusetts Institute for a New Commonwealth,,1995,0,0,,"1,583,406.00","1,583,406.00","1,950,185.00","2,018,993.00","1,914,827.00",0,0
74,McCain Institute,McCain Institute,,,2012,0,0,,"1,791,379.00","659,564.00","651,081.00","674,138.00","858,831.00",0,0
75,Mercatus Center at George Mason University,Mercatus Center at George Mason University,Mercatus Center,,1980,0,1,,"18,508,226.00","19,205,513.00","25,019,578.00","27,582,187.00","28,875,237.00",0,0
76,Migration Policy Institute,Migration Policy Institute,MPI,,2001,0,0,,"5,954,465.00","5,446,196.00","5,587,423.00","6,001,797.00","6,061,994.00",0,0
77,Milken Institute,Milken Institute,,,1991,0,0,,"34,314,521.00","36,405,927.00","42,559,621.00","45,611,741.00","54,836,160.00",0,0
78,Mises Institute,Mises Institute,,,1982,0,1,,"3,530,757.00","3,600,352.00","3,695,926.00","4,165,289.00","3,868,540.00",0,0
79,National Association of Scholars,National Association of Scholars,,,1987,1,0,,,,,,,0,0
80,National Bureau of Asian Research,National Bureau of Asian Research,NBR,,1989,0,0,asia,"5,505,058.00","4,834,594.00","5,395,449.00","6,618,976.00","4,831,958.00",0,0
81,National Bureau of Economic Research,National Bureau of Economic Research,NBER,,1920,0,0,,"35,749,616.00","32,979,628.00","33,988,867.00","39,456,834.00","40,635,874.00",0,0
82,National Center for Policy Analysis,National Center for Policy Analysis,,,1983,0,1,,"4,544,953.00","3,562,505.00","3,263,918.00","3,263,918.00","3,263,918.00",0,0
83,National Endowment for Democracy,National Endowment for Democracy,NED,,1983,0,0,,"154,590,867.00","154,384,179.00","181,421,403.00","186,489,661.00","188,593,811.00",0,0
84,National Policy Institute,National Policy Institute,NPI,,2005,1,0,,"113,569.00","156,087.00","297,267.00","180,107.00","37,584.00",0,0
85,New America,New America,,,1999,0,0,,"21,539,240.00","25,649,786.00","37,245,071.00","36,069,449.00","38,460,621.00",0,0
86,New Democrat Network,New Democrat Network,NDN,,1996,0,0,,"680,623.00","877,998.00","609,633.00","341,268.00","303,458.00",0,0
87,Niskanen Center,Niskanen Center,,,2015,0,0,,"272,248.00","1,665,531.00","2,447,205.00","3,281,090.00","4,170,789.00",0,0
88,Oklahoma Policy Institute,Oklahoma Policy Institute,OK Policy,,2008,0,0,,"733,054.00","733,054.00","916,381.00","969,036.00","1,223,595.00",0,0
89,Oregon Center for Public Policy,Oregon Center for Public Policy,,,1995,0,0,,"512,642.00","512,445.00","634,085.00","613,994.00","698,316.00",0,0
90,Pacific Research Institute,Pacific Research Institute,,,1979,0,1,,"3,586,064.00","3,120,463.00","3,551,430.00","6,339,545.00","3,657,441.00",0,0
91,Pembroke Center for Teaching and Research on Women at Brown University,Pembroke Center for Teaching and Research on Women at Brown University,Pembroke Center,,1981,0,0,women,,,,,,1,0
92,People's Policy Project,People's Policy Project,,,2017,0,0,,,,,"18,000.00","18,000.00",0,0
93,Peterson Institute for International Economics,Peterson Institute for International Economics,PIIE,,1981,0,0,,"12,411,364.00","12,738,231.00","6,803,041.00","14,090,558.00","13,253,140.00",0,0
94,Pew Research Center,Pew Research Center,Pew,,2004,0,0,,"31,542,447.00","34,280,210.00","35,069,976.00","40,101,398.00","36,781,397.00",0,0
95,Philadelphia Society,Philadelphia Society,,,1964,1,1,,"336,369.00","266,738.00","304,656.00","340,272.00","329,140.00",0,0
96,Pioneer Institute,Pioneer Institute,,,1988,0,1,,"1,655,532.00","1,822,097.00","2,030,653.00","2,124,432.00","2,346,161.00",0,0
97,Policy Matters Ohio,Policy Matters Ohio,,,2000,0,0,,"753,797.00","859,398.00","1,023,576.00","1,079,900.00","1,249,977.00",0,0
98,Population Research Institute (PRI),Population Research Institute,,,1980,0,0,,"1,975,417.00","1,953,443.00","1,515,580.00","1,368,353.00","1,405,812.00",0,0
99,Potomac Institute for Policy Studies,Potomac Institute for Policy Studies,,,1994,0,0,,"10,113,830.00","11,237,080.00","12,238,154.00","11,246,881.00","10,972,358.00",0,0
100,Prosperity Now,Prosperity Now,,,1979,0,0,,"12,314,502.00","13,020,430.00","14,653,596.00","13,929,936.00","14,605,187.00",0,0
101,Public Citizen,Public Citizen,Global Trade Watch,,1992,0,0,,"4,765,079.00","5,934,777.00","5,651,797.00","6,242,733.00","5,304,970.00",0,0
102,Public Policy Institute of California,Public Policy Institute of California,,,1994,0,0,,"13,975,738.00","15,136,305.00","15,987,965.00","16,797,626.00","17,338,863.00",0,0
103,R Street Institute,R Street Institute,,,2012,0,1,,"2,360,531.00","3,471,241.00","4,910,677.00","6,853,303.00","9,332,381.00",0,0
104,RAND Corporation,RAND Corporation,,,1948,0,0,defense,"283,348,223.00","312,647,357.00","326,657,720.00","339,414,517.00","364,067,682.00",0,0
105,Reason Foundation,Reason Foundation,,,1968,0,1,,"10,013,738.00","9,760,275.00","10,553,564.00","12,379,098.00","12,690,715.00",0,0
106,Ripon Society,Ripon Society,,,1962,1,0,,"1,955,099.00","2,207,562.00","2,958,556.00","3,016,065.00","3,560,642.00",0,0
107,RMI,RMI,Rocky Mountain Institute,,1982,0,0,,"15,321,550.00","23,454,695.00","29,312,920.00","33,402,821.00","39,847,054.00",0,0
108,Rockefeller Institute of Government,Rockefeller Institute of Government,,,1981,0,0,,,,,,,1,0
109,Rockford Institute,Rockford Institute,,,1976,1,0,,"1,217,193.00","1,273,995.00","1,177,761.00","1,148,857.00","986,056.00",0,0
110,Rockridge Institute,Rockridge Institute,,,1997,0,0,,0.00,0.00,0.00,0.00,0.00,0,0
111,Roosevelt Institute,Roosevelt Institute,,,1987,0,0,,"5,984,271.00","6,446,069.00","6,807,755.00","7,013,930.00","6,753,663.00",0,0
112,Seven Pillars Institute,Seven Pillars Institute,,,2010,0,0,,,,,,,0,1
113,Show-Me Institute,Show-Me Institute,,,2005,0,1,,"1,362,011.00","1,419,361.00","1,387,285.00","1,428,232.00","1,612,119.00",0,0
114,Social Science Research Council,Social Science Research Council,,,1923,0,0,,"18,624,599.00","18,045,814.00","18,779,784.00","19,536,988.00","21,158,669.00",0,0
115,SRI International,SRI International,,,1946,0,0,,"539,327,698.00","510,842,952.00","441,468,511.00","404,525,045.00","407,664,292.00",0,0
116,Tax Foundation,Tax Foundation,,,1937,0,0,,"2,971,778.00","3,722,271.00","4,178,093.00","4,548,092.00","5,100,639.00",0,0
117,Texas Public Policy Foundation,Texas Public Policy Foundation,,,1987,1,0,,"5,636,703.00","7,286,003.00","8,681,038.00","11,303,061.00","12,359,476.00",0,0
118,The Century Foundation,The Century Foundation,Century Foundation,,1919,0,0,,"4,370,531.00","4,769,031.00","5,408,619.50","5,408,619.50","6,048,208.00",0,0
119,The Conference Board,The Conference Board,,,1916,0,0,,"25,086,592.00","60,529,474.00","61,913,872.00","64,511,280.00","67,099,056.00",0,0
120,The Gravel Institute,The Gravel Institute,Gravel Institute,,2020,0,0,,0.00,0.00,0.00,0.00,0.00,0,0
121,The Harkin Institute for Public Policy & Citizen Engagement,The Harkin Institute for Public Policy & Citizen Engagement,Harkin Institute,,2013,0,,,,,,,,1,0
122,The Heartland Institute,The Heartland Institute,Heartland Institute,,1984,1,1,,"4,393,358.00","5,770,366.00","5,524,414.00","5,471,048.00","4,998,562.00",0,0
123,The Heritage Foundation,The Heritage Foundation,Heritage Foundation,,1973,1,0,,"1,073,540.00","1,058,274.00","1,248,650.00","1,336,057.00","1,398,418.00",0,0
124,The Independent Institute,The Independent Institute,Independent Institute,,1986,0,1,,"2,521,854.00","2,694,303.00","2,721,389.00","2,776,763.00","3,196,579.00",0,0
125,The Reform Institute,The Reform Institute,Reform Institute,,2001,0,0,,,,,,,0,0
126,Third Way,Third Way,,,2005,0,0,,"5,912,835.00","7,712,417.00","7,184,416.00","8,379,387.00","8,245,930.00",0,0
127,Thomas B. Fordham Institute,Thomas B. Fordham Institute,,,2007,0,0,,"3,926,171.00","4,251,883.00","4,555,594.00","4,344,276.00","3,641,791.00",0,0
128,Urban Institute,Urban Institute,,,1968,0,0,,"86,177,167.00","87,855,636.00","86,656,466.00","93,208,019.00","91,224,579.00",0,0
129,W. E. Upjohn Institute for Employment Research,W. E. Upjohn Institute for Employment Research,,,1945,0,0,,"17,265,522.00","19,016,154.00","19,087,625.00","19,323,804.00","20,208,870.00",0,0
130,Washington Policy Center,Washington Policy Center,,,1997,0,0,,"1,934,552.00","2,249,164.00","2,233,003.00","2,628,708.00","3,080,212.00",0,0
131,World Sindhi Institute,World Sindhi Institute,,,1997,0,0,sindhi,,,,,,0,1
132,American Foreign Policy Council,American Foreign Policy Council,,,1982,1,0,,"1,370,675.00","1,552,242.00","1,711,201.00","2,354,853.00","2,423,001.00",0,0
133,American Israel Public Affairs Committee,American Israel Public Affairs Committee,AIPAC,,1963,1,0,israel,"69,267,598.00","102,306,859.00","103,897,542.00","99,327,173.00","102,398,623.00",0,0
134,American Security Council Foundation,American Security Council Foundation,,,1958,0,0,defense,"408,720.00","365,336.00","393,495.00","433,547.00","559,967.00",0,0
135,American–Iranian Council,American–Iranian Council,,,1990,0,0,,"66,293.00","138,690.00","69,206.00","97,623.00","50,243.00",0,0
136,Arctic Institute,Arctic Institute,,,2011,0,0,arctic,,,,,,0,1
137,Asia Society,Asia Society,,,1956,0,0,asia,"29,621,738.00","31,401,072.00","33,872,871.00","31,773,102.00","30,855,209.00",0,0
138,Aspen Institute,Aspen Institute,,,1949,0,0,,"91,362,830.00","101,379,117.00","114,454,026.00","136,995,834.00","143,100,716.00",0,0
139,Atlantic Council,Atlantic Council,,,1961,0,0,,"20,481,764.00","22,261,852.00","24,021,033.00","27,655,974.00","28,215,782.00",0,0
140,Belfer Center for Science and International Affairs,Belfer Center for Science and International Affairs,Belfer Center,,1973,0,0,,,,,,,1,0
141,Carnegie Council for Ethics in International Affairs,Carnegie Council for Ethics in International Affairs,,,1914,0,0,,"4,859,049.00","4,473,455.00","3,617,453.00","3,528,670.00","3,724,969.00",0,0
142,Center for a New American Security,Center for a New American Security,CNAS,,2007,0,0,,"9,157,223.00","9,157,223.00","9,157,223.00","9,751,151.00","10,589,419.00",0,0
143,Center for Advanced Defense Studies,Center for Advanced Defense Studies,,,1999,0,0,defense,"1,055,763.00","1,487,120.00","2,267,646.00","3,506,627.00","4,928,904.00",0,0
144,Center for Global Development,Center for Global Development,,,2001,0,0,,"14,542,729.00","15,363,099.00","13,692,105.00","15,025,801.00","16,900,166.00",0,0
145,Center for International Development,Center for International Development,,,1977,0,0,,,,,,,0,0
146,Center for International Policy,Center for International Policy,CIP,,1975,0,0,,"4,602,711.00","4,922,484.00","5,101,628.00","3,016,950.00","4,721,624.00",0,0
147,Center for International Security and Cooperation,Center for International Security and Cooperation,CISAC,,1983,0,0,,,,,,,0,0
148,Center for Naval Analysis,Center for Naval Analysis,,,1942,0,0,defense,"115,401,836.00","115,401,836.00","115,401,836.00","120,368,264.00","121,899,149.00",0,0
149,Center for Security Policy,Center for Security Policy,CSP,,1988,1,0,,"3,503,654.00","4,945,226.00","6,446,998.00","4,972,423.00","4,858,451.00",0,0
150,Center for Strategic and International Studies,Center for Strategic and International Studies,CSIS,,1962,0,0,,"37,472,920.00","38,935,803.00","44,893,732.00","46,332,597.00","45,841,469.00",0,0
151,Center for the National Interest (The Nixon Center),Center for the National Interest,Nixon Center,,1994,0,0,,"3,542,894.00","3,585,380.00","3,388,566.00","4,008,865.00","4,824,828.00",0,0
152,Center for Transatlantic Relations,Center for Transatlantic Relations,,,2001,0,0,,,,,,,1,0
153,Center on Global Interests,Center on Global Interests,,,2012,0,0,,"487,813.00","671,971.00","677,233.00","612,108.00","612,108.00",0,0
154,Chicago Council on Global Affairs,Chicago Council on Global Affairs,,,1922,0,0,,"10,805,758.00","14,353,917.00","15,379,690.00","16,806,570.00","16,873,096.00",0,0
155,Committee on the Present Danger,Committee on the Present Danger,,,1950,1,0,,,,,,,0,1
156,Council on Foreign Relations,Council on Foreign Relations,,,1921,0,0,,"64,722,900.00","64,757,000.00","69,931,200.00","69,262,800.00","73,694,100.00",0,0
157,Council on Hemispheric Affairs,Council on Hemispheric Affairs,,,1975,0,0,,"56,926.00","69,999.00","83,630.00","105,400.00","105,400.00",0,0
158,EastWest Institute,EastWest Institute,,,1980,0,0,,"7,875,887.00","6,842,265.00","7,626,923.00","8,643,444.00","5,772,517.00",0,0
159,Foreign Policy Initiative,Foreign Policy Initiative,,,2009,0,0,,"1,626,554.00","1,500,399.00","1,430,183.00","829,387.00","829,387.00",0,0
160,Foreign Policy Research Institute,Foreign Policy Research Institute,,,1955,0,0,,"1,799,955.00","1,836,566.00","2,137,815.00","2,449,241.00","2,479,874.00",0,0
161,Foundation for Defense of Democracies,Foundation for Defense of Democracies,,,2001,1,0,,"8,334,480.00","10,411,942.00","11,705,479.00","13,388,267.00","14,978,645.00",0,0
162,Gatestone Institute,Gatestone Institute,,,2008,1,0,,"2,151,867.00","2,292,789.00","2,178,866.00","2,266,909.00","2,283,617.00",0,0
163,German Marshall Fund of the United States,German Marshall Fund of the United States,German Marshall Fund,,1972,0,0,,"38,032,448.00","31,830,116.00","28,378,109.00","26,863,805.00","28,626,412.00",0,0
164,GlobalSecurity.org,GlobalSecurity.org,,,2000,0,0,defense,,,,,,0,0
165,"India, China & America Institute","India, China & America Institute",,,2005,0,0,,,,,,,0,0
166,Institute for Defense Analyses,Institute for Defense Analyses,,,1956,0,0,,"218,788,547.00","220,401,537.00","231,218,848.00","232,757,089.00","245,871,433.00",0,0
167,Institute for Science and International Security,Institute for Science and International Security,,,1993,0,0,,"686,206.00","686,206.00","686,206.00","697,147.00","706,399.00",0,0
168,Inter-American Dialogue,Inter-American Dialogue,IAD,,1993,0,0,,"2,788,034.00","3,084,683.00","3,349,441.00","4,273,907.00","4,314,166.00",0,0
169,International Crisis Group,International Crisis Group,,,1995,0,0,,"18,725,396.00","18,082,772.00","18,075,452.00","17,255,434.00","18,740,915.00",0,0
170,Islands Society,Islands Society,,,2015,0,0,,,,,,,0,1
171,Israel Policy Forum,Israel Policy Forum,,,1993,0,0,israel,"709,880.00","838,862.00","1,189,580.00","1,883,625.00","2,204,596.00",0,0
172,J Street,J Street,,,2007,0,0,israel,"2,207,771.00","2,944,238.00","3,338,819.00","2,481,927.00","2,763,809.00",0,0
173,Jamestown Foundation,Jamestown Foundation,,,1984,1,0,defense,"1,095,674.00","1,227,730.00","1,383,854.00","1,220,814.00","1,149,704.00",0,0
174,Jewish Institute for National Security Affairs,Jewish Institute for National Security Affairs,JINSA,,1976,0,0,israel,"3,944,444.00","3,944,444.00","3,540,900.00","4,080,610.50","4,620,321.00",0,0
175,Middle East Forum,Middle East Forum,,,1990,1,0,middle east,"3,640,349.00","3,472,821.00","3,682,718.00","4,387,076.00","5,195,431.00",0,0
176,Middle East Institute,Middle East Institute,,,1946,0,0,middle east,"3,717,293.00","4,086,019.00","4,159,395.00","5,814,897.00","5,473,713.00",0,0
177,National Security Network,National Security Network,,,2006,0,0,,"815,961.00","845,686.00","111,790.00","10,405.00","10,405.00",0,0
178,Open Society Foundations,Open Society Foundations,,,1993,0,0,,"179,965,911.00","186,759,132.00","210,244,454","219,313,003.00","215,140,011.00",0,0
179,Pacific Council on International Policy,Pacific Council on International Policy,,,1995,0,0,,"3,282,118.00","3,728,981.00","3,679,843.00","4,278,594.00","4,519,732.00",0,0
180,Pacific Forum CSIS,Pacific Forum CSIS,Pacific Forum,,1975,0,0,,"61,339.00","61,339.00","61,339.00","61,339.00","61,339.00",0,0
181,Project 2049 Institute,Project 2049 Institute,,,2008,0,0,asia,"884,544.00","1,055,149.00","1,145,644.00","1,423,923.00","1,637,261.00",0,0
182,Project for the New American Century,Project for the New American Century,,,1997,1,0,,,,,,,0,0
183,RTI International,RTI International,,,1958,0,0,,"770,092,891.00","811,046,142.00","870,593,903.00","971,083,204.00","967,105,772.00",0,0
184,Sikh Coalition,Sikh Coalition,,,2001,0,0,religion,"1,522,887.00","1,600,050.00","1,697,101.00","1,580,818.00","1,974,764.00",0,0
185,South Asian Center for Reintegration and Independent Research,South Asian Center for Reintegration and Independent Research,,,2011,0,0,south_asia,,,,,,0,0
186,Strategic Studies Institute,Strategic Studies Institute,,,1901,0,0,military,,,,,,1,0
187,Streit Council for a Union of Democracies,Streit Council for a Union of Democracies,,,2004,0,0,,,,,,,0,0
188,Tellus Institute,Tellus Institute,,,1976,0,0,,"1,688,463.00","1,753,736.00","2,003,436.00","1,102,002.00","944,051.00",0,0
189,The Stimson Center,The Stimson Center,Stimson Center,,1989,0,0,,"6,128,410.00","4,864,173.00","5,082,926.00","5,878,615.00","7,162,503.00",0,0
190,United States Institute of Peace,United States Institute of Peace,USIP,,1984,0,0,,"4,210,629.00","2,713,055.00","4,569,121.00","4,638,515.00","3,900,387.00",0,0
191,Washington Institute for Near East Policy,Washington Institute for Near East Policy,,,1985,0,0,middle_east,"9,481,603.00","11,232,586.00","13,033,921.00","13,994,059.00","13,418,193.00",0,0
192,Woodrow Wilson International Center for Scholars,Woodrow Wilson International Center for Scholars,Wilson Center,,1968,0,0,,"15,139,424.00","15,348,448.00","24,584,255.00","23,108,789.00","24,542,658.00",0,0
193,World Affairs Council,World Affairs Council,,,1947,0,0,,"991,175.00","1,039,635.00","1,074,612.00","974,714.00","1,055,984.00",0,0
194,World Resources Institute,World Resources Institute,WRI,,1982,0,0,,"65,763,955.00","77,539,897.00","89,823,844.00","94,564,842.00","104,038,407.00",0,0
195,Battelle Memorial Institute,Battelle Memorial Institute,,,1929,0,0,,"4,870,339,928.00","4,809,182,027.00","4,910,674,794.00","4,957,938,735.00","5,047,673,413.00",0,0
196,Center for Climate and Energy Solutions,Center for Climate and Energy Solutions,,,1998,0,0,,"4,768,646.00","4,757,510.00","4,245,656.00","3,959,343.00","4,316,838.00",0,0
197,Center for Ethical Solutions,Center for Ethical Solutions,,,2009,,0,,,,,,,0,1
198,Copenhagen Consensus Center,Copenhagen Consensus Center,,,1990,0,0,,"1,399,224.00","1,947,489.00","2,107,676.00","1,999,394.00","1,460,315.00",0,0
199,Discovery Institute,Discovery Institute,,,1990,1,0,,"4,577,829.00","4,235,611.00","5,325,118.00","5,886,423.00","6,303,202.00",0,0
200,Earth Institute,Earth Institute,,,1995,0,0,,,,,,,1,0
201,Fusion Energy Foundation,Fusion Energy Foundation,,,1974,0,0,,,,,,,0,0
202,General Electric EdgeLab,General Electric EdgeLab,,,2000,0,0,,,,,,,0,0
203,Global Development and Environment Institute,Global Development and Environment Institute,,,1993,0,0,,,,,,,1,0
204,GTRI Office of Policy Analysis and Research,GTRI Office of Policy Analysis and Research,,,2004,0,0,,,,,,,1,0
205,Hastings Center,Hastings Center,,,1969,0,0,,"3,222,097.00","3,412,332.00","3,511,435.00","3,523,975.00","3,711,217.00",0,0
206,Information Technology and Innovation Foundation,Information Technology and Innovation Foundation,ITIF,,2008,0,0,,"3,198,863.00","3,737,110.00","3,337,382.00","3,495,345.00","3,895,769.00",0,0
207,Keck Institute for Space Studies,Keck Institute for Space Studies,,,2008,0,0,,,,,,,1,0
208,Metropolitan Area Planning Council,Metropolitan Area Planning Council,,,1963,0,0,,"26,978,128.00","17,745,758.00","15,061,224.00","11,405,891.00","11,661,201.00",0,0
209,New England Complex Systems Institute (NECSI),New England Complex Systems Institute,NECSI,,1996,0,0,,"709,359.00","792,782.00","868,403.00","709,612.00","1,011,376.00",0,0
210,Noblis,Noblis,,,1996,0,0,,"222,052,654.00","255,366,601.00","280,196,941.00","284,508,268.00","293,337,250.00",0,0
211,Pacific Institute,Pacific Institute,,,1987,0,0,,"7,984,944.00","7,720,277.00","9,236,911.00","129,480.00","143,172.00",0,0
212,Property and Environment Research Center (PERC),Property and Environment Research Center,PERC,,1980,0,1,,"2,269,589.00","2,269,589.00","2,269,589.00","2,350,441.00","2,431,293.00",0,0
213,Resources for the Future,Resources for the Future,RFF,,1952,0,0,,"13,217,672.00","13,610,452.00","14,458,431.00","13,755,089.00","14,303,137.00",0,0
214,Santa Fe Institute,Santa Fe Institute,SFI,,1984,0,0,,"12,156,678.00","11,629,042.00","10,417,805.00","10,668,030.00","11,950,744.00",0,0
215,Scripps Research Institute,Scripps Research Institute,,,1924,0,0,,"389,326,389.00","382,942,496.00","364,687,971.00","366,352,436.00","373,107,791.00",0,0
216,Watson Institute at Brown University,Watson Institute at Brown University,,,1981,0,0,,,,,,,1,0
217,Americans for the Arts,Americans for the Arts,,,1960,0,0,art,"12,848,646.00","15,520,814.00","18,412,414.00","16,084,664.00","17,778,317.00",0,0
218,Center for Family and Human Rights,Center for Family and Human Rights,,,1997,1,0,,"1,648,441.00","1,791,715.00","1,755,829.00","1,525,155.00","1,318,362.00",0,0
219,Center for Excellence in Higher Education,Center for Excellence in Higher Education,,,2007,0,1,,"161,921,960.00","172,475,209.00","176,238,510.00","184,139,858.00","197,915,389.00",0,0
220,Center for Muslim-Jewish Engagement,Center for Muslim-Jewish Engagement,,,2007,0,0,religion,,,,,,0,0
221,Foundation for Excellence in Education,Foundation for Excellence in Education,ExcelinEd,,2007,0,0,,"3,628,623.00","3,620,759.00","3,731,555.00","4,048,323.00","4,222,886.00",0,0
222,Foundation for Rational Economics and Education,Foundation for Rational Economics and Education,,,1976,0,1,,"555,223.00","411,084.00","383,484.00","351,138.00","416,637.00",0,0
223,International Center for Research on Women,International Center for Research on Women,,,1976,0,0,women,"9,158,256.00","10,166,456.00","11,834,613.00","12,380,625.00","11,408,439.00",0,0
224,International Intellectual Property Institute,International Intellectual Property Institute,,,1999,0,0,,"224,165.00","13,468.00","37,243.00","37,243.00","37,243.00",0,0
225,New Teacher Center,New Teacher Center,,,1998,0,0,,"28,954,837.00","37,267,345.00","38,603,676.00","37,426,875.00","34,049,388.00",0,0
226,Urban Land Institute,Urban Land Institute,,,1936,0,0,,"59,538,794.00","66,780,791.00","74,041,282.00","67,638,642.00","74,181,732.00",0,0
227,WestEd,WestEd,,,1966,0,0,,"140,400,000.00","153,000,000.00","160,000,000.00","163,100,000.00","163,100,000.00",0,0